,antecedents,consequents,antecedent support,consequent support,support,confidence,lift,leverage,conviction
0,"frozenset({'Rural(%): (-0.094, 31.333]'})","frozenset({'Poorest(%): (-0.086, 28.667]'})",0.62,0.78,0.62,1.0,1.282051282051282,0.13639999999999997,inf
1,"frozenset({'Richest(%): (-0.095, 31.667]'})","frozenset({'Rural(%): (-0.094, 31.333]'})",0.56,0.62,0.56,1.0,1.6129032258064517,0.21280000000000004,inf
2,"frozenset({'Rural(%): (-0.094, 31.333]'})","frozenset({'Richest(%): (-0.095, 31.667]'})",0.62,0.56,0.56,0.903225806451613,1.6129032258064515,0.21280000000000004,4.54666666666667
3,"frozenset({'Richest(%): (-0.095, 31.667]'})","frozenset({'Poorest(%): (-0.086, 28.667]'})",0.56,0.78,0.56,1.0,1.282051282051282,0.12319999999999998,inf
4,"frozenset({'Poorest(%): (-0.086, 28.667]', 'Richest(%): (-0.095, 31.667]'})","frozenset({'Rural(%): (-0.094, 31.333]'})",0.56,0.62,0.56,1.0,1.6129032258064517,0.21280000000000004,inf
5,"frozenset({'Poorest(%): (-0.086, 28.667]', 'Rural(%): (-0.094, 31.333]'})","frozenset({'Richest(%): (-0.095, 31.667]'})",0.62,0.56,0.56,0.903225806451613,1.6129032258064515,0.21280000000000004,4.54666666666667
6,"frozenset({'Richest(%): (-0.095, 31.667]', 'Rural(%): (-0.094, 31.333]'})","frozenset({'Poorest(%): (-0.086, 28.667]'})",0.56,0.78,0.56,1.0,1.282051282051282,0.12319999999999998,inf
7,"frozenset({'Richest(%): (-0.095, 31.667]'})","frozenset({'Poorest(%): (-0.086, 28.667]', 'Rural(%): (-0.094, 31.333]'})",0.56,0.62,0.56,1.0,1.6129032258064517,0.21280000000000004,inf
8,"frozenset({'Rural(%): (-0.094, 31.333]'})","frozenset({'Poorest(%): (-0.086, 28.667]', 'Richest(%): (-0.095, 31.667]'})",0.62,0.56,0.56,0.903225806451613,1.6129032258064515,0.21280000000000004,4.54666666666667
